-- MySQL dump 10.13  Distrib 5.7.24, for Linux (x86_64)
--
-- Host: localhost    Database: GameStore
-- ------------------------------------------------------
-- Server version	5.7.24-0ubuntu0.16.04.1

/*!40101 SET @OLD_CHARACTER_SET_CLIENT=@@CHARACTER_SET_CLIENT */;
/*!40101 SET @OLD_CHARACTER_SET_RESULTS=@@CHARACTER_SET_RESULTS */;
/*!40101 SET @OLD_COLLATION_CONNECTION=@@COLLATION_CONNECTION */;
/*!40101 SET NAMES utf8 */;
/*!40103 SET @OLD_TIME_ZONE=@@TIME_ZONE */;
/*!40103 SET TIME_ZONE='+00:00' */;
/*!40014 SET @OLD_UNIQUE_CHECKS=@@UNIQUE_CHECKS, UNIQUE_CHECKS=0 */;
/*!40014 SET @OLD_FOREIGN_KEY_CHECKS=@@FOREIGN_KEY_CHECKS, FOREIGN_KEY_CHECKS=0 */;
/*!40101 SET @OLD_SQL_MODE=@@SQL_MODE, SQL_MODE='NO_AUTO_VALUE_ON_ZERO' */;
/*!40111 SET @OLD_SQL_NOTES=@@SQL_NOTES, SQL_NOTES=0 */;

--
-- Table structure for table `SystemRequirements`
--

DROP TABLE IF EXISTS `SystemRequirements`;
/*!40101 SET @saved_cs_client     = @@character_set_client */;
/*!40101 SET character_set_client = utf8 */;
CREATE TABLE `SystemRequirements` (
  `ID` int(11) NOT NULL AUTO_INCREMENT,
  `os` varchar(45) NOT NULL,
  `processor` varchar(45) NOT NULL,
  `graphics` varchar(45) NOT NULL,
  `directX` varchar(45) NOT NULL,
  `storage` varchar(45) NOT NULL,
  PRIMARY KEY (`ID`)
) ENGINE=InnoDB AUTO_INCREMENT=5 DEFAULT CHARSET=latin1;
/*!40101 SET character_set_client = @saved_cs_client */;

--
-- Dumping data for table `SystemRequirements`
--

LOCK TABLES `SystemRequirements` WRITE;
/*!40000 ALTER TABLE `SystemRequirements` DISABLE KEYS */;
INSERT INTO `SystemRequirements` VALUES (1,'Windows 7','intel Core i5 4g','Nvidia 960','11','30GB'),(2,'Windows 7','intel Core i5 4g','Nvidia 720','9','3GB'),(3,'All','intel Core i7','Nvidia 1060','11','55GB'),(4,'All','intel Core i3','Nvidia 420','9','2GB');
/*!40000 ALTER TABLE `SystemRequirements` ENABLE KEYS */;
UNLOCK TABLES;

--
-- Table structure for table `country`
--

DROP TABLE IF EXISTS `country`;
/*!40101 SET @saved_cs_client     = @@character_set_client */;
/*!40101 SET character_set_client = utf8 */;
CREATE TABLE `country` (
  `id` int(11) NOT NULL AUTO_INCREMENT,
  `country` varchar(45) NOT NULL,
  PRIMARY KEY (`id`)
) ENGINE=InnoDB AUTO_INCREMENT=20 DEFAULT CHARSET=latin1;
/*!40101 SET character_set_client = @saved_cs_client */;

--
-- Dumping data for table `country`
--

LOCK TABLES `country` WRITE;
/*!40000 ALTER TABLE `country` DISABLE KEYS */;
INSERT INTO `country` VALUES (1,'Chile'),(2,'Faroe Islands'),(3,'Nigeria'),(4,'Belgium'),(5,'Bhutan'),(6,'Mongolia'),(7,'Philippines'),(8,'Monaco'),(9,'Montserrat'),(10,'Cape Verde'),(11,'Poland'),(12,'Ukraine'),(13,'USA'),(14,'GB'),(15,'Germany'),(16,'Russia'),(17,'Japan'),(18,'France'),(19,'Sweden');
/*!40000 ALTER TABLE `country` ENABLE KEYS */;
UNLOCK TABLES;

--
-- Table structure for table `developer`
--

DROP TABLE IF EXISTS `developer`;
/*!40101 SET @saved_cs_client     = @@character_set_client */;
/*!40101 SET character_set_client = utf8 */;
CREATE TABLE `developer` (
  `id` int(11) NOT NULL AUTO_INCREMENT,
  `name` varchar(45) NOT NULL,
  `bestGame` int(11) DEFAULT NULL,
  `country` int(11) NOT NULL,
  PRIMARY KEY (`id`),
  KEY `bestGame` (`bestGame`),
  KEY `country` (`country`),
  CONSTRAINT `developer_ibfk_2` FOREIGN KEY (`country`) REFERENCES `country` (`id`)
) ENGINE=InnoDB AUTO_INCREMENT=29 DEFAULT CHARSET=latin1;
/*!40101 SET character_set_client = @saved_cs_client */;

--
-- Dumping data for table `developer`
--

LOCK TABLES `developer` WRITE;
/*!40000 ALTER TABLE `developer` DISABLE KEYS */;
INSERT INTO `developer` VALUES (1,'Blizzard',68,13),(2,'Nintendo',75,17),(3,'Valve',22,13),(4,'RockStar',83,13),(5,'EA',13,13),(6,'Ubisoft',9,18),(7,'Mojang',23,19),(8,'Purus Ac Associates',16,5),(9,'Nulla Foundation',30,15),(10,'Velit Dui Corporation',14,17),(11,'Et Magna Praesent Company',2,18),(12,'Mauris LLC',97,17),(13,'Etiam Ligula Institute',71,1),(14,'Ultricies LLP',52,9),(15,'Donec Corporation',12,7),(16,'Vivamus Ltd',67,19),(17,'Tellus Faucibus Leo Foundation',24,10),(18,'Commodo Limited',17,17),(19,'Laoreet Lectus LLC',19,6),(20,'Nisi Mauris Nulla LLP',65,19),(21,'Dictum LLC',40,2),(22,'Magna Ut Tincidunt LLP',66,15),(23,'Vitae Aliquam Inc.',100,8),(24,'Euismod Et Industries',60,8),(25,'In Tincidunt Congue Associates',49,11),(26,'Sed Sapien Limited',39,14),(27,'Volutpat Nulla Company',90,18);
/*!40000 ALTER TABLE `developer` ENABLE KEYS */;
UNLOCK TABLES;
/*!50003 SET @saved_cs_client      = @@character_set_client */ ;
/*!50003 SET @saved_cs_results     = @@character_set_results */ ;
/*!50003 SET @saved_col_connection = @@collation_connection */ ;
/*!50003 SET character_set_client  = utf8 */ ;
/*!50003 SET character_set_results = utf8 */ ;
/*!50003 SET collation_connection  = utf8_general_ci */ ;
/*!50003 SET @saved_sql_mode       = @@sql_mode */ ;
/*!50003 SET sql_mode              = 'STRICT_TRANS_TABLES,NO_ZERO_IN_DATE,NO_ZERO_DATE,ERROR_FOR_DIVISION_BY_ZERO,NO_ENGINE_SUBSTITUTION' */ ;
DELIMITER ;;
/*!50003 CREATE*/ /*!50017 DEFINER=`root`@`localhost`*/ /*!50003 TRIGGER dev_delete AFTER DELETE ON developer
FOR EACH ROW
BEGIN
	DELETE FROM games WHERE games.developer = OLD.id;
END */;;
DELIMITER ;
/*!50003 SET sql_mode              = @saved_sql_mode */ ;
/*!50003 SET character_set_client  = @saved_cs_client */ ;
/*!50003 SET character_set_results = @saved_cs_results */ ;
/*!50003 SET collation_connection  = @saved_col_connection */ ;

--
-- Table structure for table `games`
--

DROP TABLE IF EXISTS `games`;
/*!40101 SET @saved_cs_client     = @@character_set_client */;
/*!40101 SET character_set_client = utf8 */;
CREATE TABLE `games` (
  `id` int(11) NOT NULL AUTO_INCREMENT,
  `name` varchar(45) NOT NULL,
  `rating` double DEFAULT NULL,
  `developer` int(11) NOT NULL,
  `tags` varchar(180) DEFAULT NULL,
  `languages` varchar(180) DEFAULT NULL,
  `sysReq` int(11) NOT NULL,
  `price` double NOT NULL,
  PRIMARY KEY (`id`),
  KEY `developer` (`developer`),
  KEY `sysReq` (`sysReq`),
  CONSTRAINT `games_ibfk_1` FOREIGN KEY (`developer`) REFERENCES `developer` (`id`),
  CONSTRAINT `games_ibfk_2` FOREIGN KEY (`sysReq`) REFERENCES `SystemRequirements` (`ID`)
) ENGINE=InnoDB AUTO_INCREMENT=102 DEFAULT CHARSET=latin1;
/*!40101 SET character_set_client = @saved_cs_client */;

--
-- Dumping data for table `games`
--

LOCK TABLES `games` WRITE;
/*!40000 ALTER TABLE `games` DISABLE KEYS */;
INSERT INTO `games` VALUES (1,'volutpat.',5,14,'Myltiplayer,Strategy,Competitive','Turkish,German,Ukrainian',3,113),(2,'leo. Cras',4,11,'Strategy,Competitive,RPG','Polish,German,Turkish',2,43),(3,'enim mi',NULL,19,'Indie,RPG,Competitive','German,Russian,Ukrainian',2,289),(4,'non enim.',6.5,16,'Casual,RPG,Tactical','Italian,Ukrainian,English',1,145),(5,'ac',NULL,10,'Shooter,RPG,Open World','Italian,Ukrainian,Polish',2,139),(6,'ipsum',NULL,26,'Myltiplayer,RPG,Competitive','English,Turkish,Ukrainian',2,246),(7,'elementum purus,',3,6,'Shooter,Strategy,Casual','Turkish,Russian,Ukrainian',4,276),(8,'Nam',NULL,4,'Tactical,Competitive,Shooter','German,Italian,Russian',4,14),(9,'sit amet,',NULL,6,'Shooter,Tactical,Open World','Russian,Polish,Italian',3,105),(11,'imperdiet',9,17,'Myltiplayer,Competitive,Shooter','Italian,Ukrainian,English',4,289),(12,'egestas, urna',NULL,15,'Casual,Shooter,Open World','English,Turkish,Polish',4,1),(13,'purus,',NULL,5,'Open World,Myltiplayer,Shooter','Ukrainian,Polish,Russian',3,145),(14,'nibh. Donec',NULL,10,'RPG,Indie,Competitive','Polish,Ukrainian,Turkish',2,6),(16,'eros',4,8,'Shooter,Indie,Strategy','English,Turkish,Russian',4,239),(18,'Nunc',NULL,17,'Shooter,Myltiplayer,Indie','Italian,Turkish,Ukrainian',2,287),(20,'mollis nec,',4,14,'RPG,Open World,Myltiplayer','English,German,Russian',4,272),(21,'ornare placerat,',4.5,13,'Tactical,Casual,Shooter','German,Russian,Italian',2,123),(22,'Duis risus',6.5,3,'Strategy,Myltiplayer,Open World','Italian,English,Polish',2,296),(24,'malesuada fames',7.666666666,17,'RPG,Indie,Strategy','English,Ukrainian,Turkish',4,48),(25,'vulputate, nisi',3,14,'Indie,Shooter,Competitive','Polish,German,Ukrainian',4,252),(26,'ornare egestas',3,7,'Indie,Shooter,Competitive','German,Turkish,Ukrainian',3,174),(27,'a',1,17,'Casual,Open World,RPG','Italian,English,Turkish',3,196),(28,'risus. Donec',8,14,'Casual,Strategy,Tactical','Polish,Ukrainian,Turkish',4,232),(29,'sed turpis',NULL,16,'Myltiplayer,Casual,Competitive','English,Ukrainian,German',2,193),(30,'amet',2,9,'Tactical,Indie,Competitive','Polish,Ukrainian,Turkish',1,274),(31,'erat,',NULL,7,'RPG,Casual,Open World','German,Russian,Ukrainian',3,135),(32,'sociis natoque',5.5,13,'Myltiplayer,Open World,Indie','Ukrainian,Russian,German',3,100),(33,'Suspendisse tristique',NULL,14,'Indie,Strategy,RPG','Italian,Polish,English',2,78),(34,'montes,',2,12,'Myltiplayer,Tactical,Casual','Russian,Turkish,German',4,176),(35,'purus.',NULL,16,'Open World,Strategy,Indie','Italian,German,Turkish',1,271),(36,'metus. In',5,26,'Shooter,RPG,Tactical','Turkish,Italian,Russian',2,25),(37,'Curabitur',8.5,26,'Myltiplayer,Open World,Strategy','Polish,Russian,Italian',3,256),(38,'lectus pede,',2,26,'Strategy,Shooter,Indie','Ukrainian,English,Polish',3,24),(39,'nonummy ac,',NULL,26,'Strategy,Indie,Open World','Italian,Turkish,Ukrainian',3,255),(40,'est.',7,21,'Casual,RPG,Shooter','German,Italian,Ukrainian',3,149),(41,'vel,',2,12,'Indie,Myltiplayer,Casual','Italian,Polish,Ukrainian',3,127),(42,'luctus',8,3,'RPG,Competitive,Strategy','German,Ukrainian,Polish',2,54),(43,'et,',NULL,9,'Tactical,Indie,Competitive','Turkish,English,German',1,75),(45,'Donec feugiat',1,17,'RPG,Indie,Tactical','Ukrainian,Russian,German',3,61),(46,'interdum.',1,23,'Competitive,Myltiplayer,Indie','German,Ukrainian,Russian',3,264),(47,'In',3.5,4,'RPG,Strategy,Shooter','Turkish,Russian,German',3,256),(48,'aliquam',2,17,'RPG,Shooter,Casual','Russian,Ukrainian,Italian',3,258),(49,'tempus eu,',7,25,'Strategy,Shooter,Open World','German,Russian,Italian',4,118),(50,'ipsum. Curabitur',NULL,19,'Shooter,RPG,Casual','Turkish,English,Ukrainian',2,236),(51,'Duis',NULL,4,'Tactical,Myltiplayer,Competitive','Russian,German,English',2,179),(52,'non, luctus',NULL,14,'Indie,Strategy,Myltiplayer','Polish,Ukrainian,German',2,265),(53,'lorem lorem,',4,8,'Myltiplayer,Open World,Strategy','English,Turkish,Polish',1,263),(54,'elit',9,12,'Strategy,Indie,Tactical','German,Ukrainian,English',4,46),(55,'Donec tempor,',1.333333333,6,'Myltiplayer,Shooter,Open World','German,Russian,Polish',4,295),(56,'Fusce mi',4,19,'Casual,Shooter,Indie','English,Polish,Turkish',2,48),(58,'auctor. Mauris',NULL,17,'RPG,Shooter,Myltiplayer','Ukrainian,English,Russian',1,195),(59,'tortor',NULL,8,'Casual,Competitive,Open World','Ukrainian,Polish,Russian',4,232),(60,'adipiscing elit.',7,24,'Open World,Strategy,RPG','Turkish,English,Russian',3,229),(61,'a felis',8,25,'Competitive,Strategy,Indie','Ukrainian,Polish,English',3,74),(63,'gravida',2,4,'Open World,Strategy,Myltiplayer','Ukrainian,Turkish,English',4,186),(65,'eros.',NULL,20,'Strategy,Open World,Casual','Italian,Ukrainian,Polish',4,252),(66,'ligula.',3,22,'Competitive,Casual,Myltiplayer','English,Italian,Russian',3,74),(67,'aliquam adipiscing',5,16,'Competitive,Myltiplayer,Open World','Italian,Russian,German',4,85),(68,'Sed',6,1,'Shooter,Myltiplayer,Competitive','English,Polish,Turkish',1,29),(69,'lectus',8.5,16,'Casual,Tactical,Competitive','Ukrainian,Russian,Turkish',2,87),(70,'id,',5,2,'RPG,Indie,Shooter','German,Russian,Italian',3,169),(71,'lacinia orci,',8,13,'Shooter,Open World,Tactical','Polish,English,Turkish',3,62),(72,'lobortis',2,2,'RPG,Competitive,Tactical','Turkish,Italian,Russian',3,234),(73,'Nulla',5.5,2,'Strategy,Competitive,Indie','Italian,Turkish,German',3,217),(74,'Donec',7,19,'Open World,RPG,Competitive','German,Turkish,Italian',4,34),(75,'lacinia',6.5,2,'RPG,Shooter,Myltiplayer','Russian,Turkish,German',2,158),(76,'non',6,13,'Myltiplayer,Tactical,Shooter','Russian,Ukrainian,Polish',3,241),(77,'Quisque',NULL,5,'Open World,Shooter,Competitive','Russian,Ukrainian,Polish',2,59),(78,'ornare',NULL,26,'Myltiplayer,Competitive,Casual','Ukrainian,Russian,German',2,209),(79,'auctor quis,',9.5,17,'Open World,Strategy,Tactical','German,Italian,Turkish',3,11),(80,'ligula. Donec',2,14,'Tactical,Myltiplayer,Casual','Italian,English,Turkish',3,5),(81,'sapien,',1,18,'Strategy,Tactical,Open World','English,German,Polish',2,168),(82,'elementum, lorem',2.333333333,19,'Indie,RPG,Strategy','Turkish,Italian,Polish',4,248),(83,'vitae erat',7,4,'Myltiplayer,Strategy,Indie','German,Ukrainian,Polish',2,232),(84,'adipiscing,',5,1,'Open World,RPG,Strategy','Turkish,Polish,Italian',3,202),(86,'eu tempor',4.5,2,'Competitive,Myltiplayer,Shooter','Turkish,Ukrainian,English',2,13),(87,'congue, elit',NULL,27,'Open World,Tactical,Casual','Ukrainian,Polish,Russian',3,166),(88,'adipiscing',3.5,11,'Shooter,Tactical,Indie','Polish,Ukrainian,Turkish',2,112),(89,'urna',10,1,'RPG,Tactical,Competitive','English,Polish,Russian',2,82),(90,'senectus',NULL,27,'Casual,Shooter,Tactical','Ukrainian,Russian,Turkish',3,253),(91,'mattis semper,',NULL,14,'Strategy,Open World,RPG','German,Polish,Russian',2,81),(92,'eros. Proin',NULL,16,'Open World,Indie,Shooter','German,Turkish,Italian',2,18),(93,'nascetur ridiculus',5.5,15,'Casual,Competitive,RPG','German,Russian,Ukrainian',2,209),(94,'et',NULL,17,'Open World,Competitive,Shooter','Ukrainian,German,English',1,75),(95,'ad',7,9,'Casual,Open World,RPG','Ukrainian,English,Italian',1,158),(96,'id',2.666666666,27,'Competitive,Strategy,Open World','Ukrainian,English,German',1,272),(97,'tortor.',2,12,'Competitive,Indie,Shooter','Turkish,Polish,Italian',2,43),(98,'Sed malesuada',2,21,'Open World,Competitive,Casual','Polish,Turkish,Russian',3,111),(99,'eu,',2.5,4,'Open World,Tactical,Shooter','Ukrainian,Polish,Italian',2,298),(100,'dignissim',7.5,23,'Shooter,Tactical,Open World','Ukrainian,Turkish,Russian',2,23);
/*!40000 ALTER TABLE `games` ENABLE KEYS */;
UNLOCK TABLES;

--
-- Table structure for table `history`
--

DROP TABLE IF EXISTS `history`;
/*!40101 SET @saved_cs_client     = @@character_set_client */;
/*!40101 SET character_set_client = utf8 */;
CREATE TABLE `history` (
  `game` int(11) NOT NULL,
  `customer` int(11) NOT NULL,
  `date` datetime NOT NULL,
  KEY `game` (`game`),
  KEY `customer` (`customer`)
) ENGINE=InnoDB DEFAULT CHARSET=latin1;
/*!40101 SET character_set_client = @saved_cs_client */;

--
-- Dumping data for table `history`
--

LOCK TABLES `history` WRITE;
/*!40000 ALTER TABLE `history` DISABLE KEYS */;
INSERT INTO `history` VALUES (80,102,'2019-01-13 13:58:34'),(76,105,'2019-01-13 13:58:34'),(32,86,'2019-01-13 13:58:34'),(18,27,'2019-01-13 13:58:35'),(68,48,'2019-01-13 13:58:35'),(68,37,'2019-01-13 13:58:35'),(42,28,'2019-01-13 13:58:35'),(87,72,'2019-01-13 13:58:35'),(75,70,'2019-01-13 13:58:35'),(30,40,'2019-01-13 13:58:35'),(37,27,'2019-01-13 13:58:35'),(23,86,'2019-01-13 13:58:35'),(60,97,'2019-01-13 13:58:35'),(81,41,'2019-01-13 13:58:35'),(47,97,'2019-01-13 13:58:35'),(97,12,'2019-01-13 13:58:35'),(77,96,'2019-01-13 13:58:35'),(3,58,'2019-01-13 13:58:35'),(30,98,'2019-01-13 13:58:35'),(4,45,'2019-01-13 13:58:36'),(39,24,'2019-01-13 13:58:36'),(83,27,'2019-01-13 13:58:36'),(79,106,'2019-01-13 13:58:36'),(25,90,'2019-01-13 13:58:36'),(77,103,'2019-01-13 13:58:36'),(54,25,'2019-01-13 13:58:36'),(92,71,'2019-01-13 13:58:36'),(24,60,'2019-01-13 13:58:36'),(22,87,'2019-01-13 13:58:36'),(71,22,'2019-01-13 13:58:37'),(95,54,'2019-01-13 13:58:37'),(13,85,'2019-01-13 13:58:37'),(20,82,'2019-01-13 13:58:37'),(98,63,'2019-01-13 13:58:37'),(41,105,'2019-01-13 13:58:37'),(85,14,'2019-01-13 13:58:37'),(9,18,'2019-01-13 13:58:37'),(33,98,'2019-01-13 13:58:37'),(94,80,'2019-01-13 13:58:37'),(2,36,'2019-01-13 13:58:37'),(19,36,'2019-01-13 13:58:37'),(20,72,'2019-01-13 13:58:37'),(93,106,'2019-01-13 13:58:37'),(79,47,'2019-01-13 13:58:37'),(16,96,'2019-01-13 13:58:38'),(45,78,'2019-01-13 13:58:38'),(54,14,'2019-01-13 13:58:38'),(19,37,'2019-01-13 13:58:38'),(28,98,'2019-01-13 13:58:38'),(88,13,'2019-01-13 13:58:38'),(96,56,'2019-01-13 13:58:38'),(58,88,'2019-01-13 13:58:38'),(86,90,'2019-01-13 13:58:38'),(59,37,'2019-01-13 13:58:38'),(9,54,'2019-01-13 13:58:38'),(1,14,'2019-01-13 13:58:38'),(24,74,'2019-01-13 13:58:38'),(64,50,'2019-01-13 13:58:38'),(38,57,'2019-01-13 13:58:39'),(4,57,'2019-01-13 13:58:39'),(52,79,'2019-01-13 13:58:39'),(68,25,'2019-01-13 13:58:39'),(86,84,'2019-01-13 13:58:39'),(58,51,'2019-01-13 13:58:40'),(42,109,'2019-01-13 13:58:40'),(23,13,'2019-01-13 13:58:40'),(92,37,'2019-01-13 13:58:40'),(24,34,'2019-01-13 13:58:40'),(9,36,'2019-01-13 13:58:40'),(55,99,'2019-01-13 13:58:40'),(90,20,'2019-01-13 13:58:40'),(10,27,'2019-01-13 13:58:40'),(68,88,'2019-01-13 13:58:40'),(26,29,'2019-01-13 13:58:40'),(96,49,'2019-01-13 13:58:40'),(66,81,'2019-01-13 13:58:41'),(91,88,'2019-01-13 13:58:41'),(50,53,'2019-01-13 13:58:41'),(62,11,'2019-01-13 13:58:41'),(91,31,'2019-01-13 13:58:41'),(73,100,'2019-01-13 13:58:41'),(3,40,'2019-01-13 13:58:41'),(6,67,'2019-01-13 13:58:41'),(81,71,'2019-01-13 13:58:41'),(50,32,'2019-01-13 13:58:42'),(61,25,'2019-01-13 13:58:42'),(52,99,'2019-01-13 13:58:42'),(48,81,'2019-01-13 13:58:42'),(97,34,'2019-01-13 13:58:42'),(72,87,'2019-01-13 13:58:42'),(68,23,'2019-01-13 13:58:42'),(55,46,'2019-01-13 13:58:42'),(96,24,'2019-01-13 13:58:42'),(84,21,'2019-01-13 13:58:42'),(97,79,'2019-01-13 13:58:42'),(24,53,'2019-01-13 13:58:43'),(30,15,'2019-01-13 13:58:43'),(99,71,'2019-01-13 13:58:43'),(38,77,'2019-01-13 13:58:43'),(52,49,'2019-01-13 13:58:43'),(21,23,'2019-01-13 13:58:43'),(19,58,'2019-01-13 13:58:43'),(90,44,'2019-01-13 13:58:43'),(44,46,'2019-01-13 13:58:43'),(38,45,'2019-01-13 13:58:43'),(28,93,'2019-01-13 13:58:43'),(71,27,'2019-01-13 13:58:44'),(24,18,'2019-01-13 13:58:44'),(73,63,'2019-01-13 13:58:44'),(9,68,'2019-01-13 13:58:44'),(13,99,'2019-01-13 13:58:44'),(22,43,'2019-01-13 13:58:44'),(86,61,'2019-01-13 13:58:45'),(31,21,'2019-01-13 13:58:45'),(41,35,'2019-01-13 13:58:45'),(73,39,'2019-01-13 13:58:45'),(9,94,'2019-01-13 13:58:45'),(42,102,'2019-01-13 13:58:45'),(83,26,'2019-01-13 13:58:45'),(21,52,'2019-01-13 13:58:45'),(69,17,'2019-01-13 13:58:46'),(20,86,'2019-01-13 13:58:46'),(47,31,'2019-01-13 13:58:46'),(30,69,'2019-01-13 13:58:46'),(56,81,'2019-01-13 13:58:46'),(11,66,'2019-01-13 13:58:46'),(71,30,'2019-01-13 13:58:46'),(73,80,'2019-01-13 13:58:46'),(58,25,'2019-01-13 13:58:47'),(59,45,'2019-01-13 13:58:47'),(49,105,'2019-01-13 13:58:47'),(87,54,'2019-01-13 13:58:47'),(88,83,'2019-01-13 13:58:47'),(22,52,'2019-01-13 13:58:47'),(85,37,'2019-01-13 13:58:47'),(37,70,'2019-01-13 13:58:47'),(9,58,'2019-01-13 13:58:47'),(42,110,'2019-01-13 13:58:48'),(34,96,'2019-01-13 13:59:01'),(35,65,'2019-01-13 13:59:01'),(44,71,'2019-01-13 13:59:01'),(36,76,'2019-01-13 13:59:02'),(95,44,'2019-01-13 13:59:02'),(8,36,'2019-01-13 13:59:02'),(87,70,'2019-01-13 13:59:03'),(60,46,'2019-01-13 13:59:03'),(51,66,'2019-01-13 13:59:04'),(2,41,'2019-01-13 13:59:04'),(72,39,'2019-01-13 13:59:04'),(51,52,'2019-01-13 13:59:04'),(36,52,'2019-01-13 13:59:04'),(5,97,'2019-01-13 13:59:04'),(39,96,'2019-01-13 13:59:04'),(53,68,'2019-01-13 13:59:04'),(98,104,'2019-01-13 13:59:04'),(90,77,'2019-01-13 13:59:04'),(35,55,'2019-01-13 13:59:04'),(37,91,'2019-01-13 13:59:04'),(83,60,'2019-01-13 13:59:04'),(47,53,'2019-01-13 13:59:05'),(90,84,'2019-01-13 13:59:05'),(85,76,'2019-01-13 13:59:05'),(53,63,'2019-01-13 13:59:05'),(77,98,'2019-01-13 13:59:05'),(34,43,'2019-01-13 13:59:05'),(25,80,'2019-01-13 13:59:05'),(50,25,'2019-01-13 13:59:05'),(37,60,'2019-01-13 13:59:05'),(83,49,'2019-01-13 13:59:05'),(24,74,'2019-01-13 13:59:06'),(22,58,'2019-01-13 13:59:06'),(49,29,'2019-01-13 13:59:06'),(50,54,'2019-01-13 13:59:06'),(40,41,'2019-01-13 13:59:06'),(66,107,'2019-01-13 13:59:06'),(39,24,'2019-01-13 13:59:06'),(12,82,'2019-01-13 13:59:07'),(96,11,'2019-01-13 13:59:07'),(100,53,'2019-01-13 13:59:07'),(41,90,'2019-01-13 13:59:07'),(9,50,'2019-01-13 13:59:07'),(30,110,'2019-01-13 13:59:07'),(41,86,'2019-01-13 13:59:07'),(44,25,'2019-01-13 13:59:07'),(52,40,'2019-01-13 13:59:07'),(89,90,'2019-01-13 13:59:07'),(48,72,'2019-01-13 13:59:08'),(96,51,'2019-01-13 13:59:08'),(77,89,'2019-01-13 13:59:08'),(7,21,'2019-01-13 13:59:08'),(21,68,'2019-01-13 13:59:08'),(42,108,'2019-01-13 13:59:08'),(23,82,'2019-01-13 13:59:08'),(45,108,'2019-01-13 13:59:08'),(31,97,'2019-01-13 13:59:08'),(88,70,'2019-01-13 13:59:09'),(94,33,'2019-01-13 13:59:09'),(45,86,'2019-01-13 13:59:09'),(9,49,'2019-01-13 13:59:10'),(75,93,'2019-01-13 13:59:10'),(62,31,'2019-01-13 13:59:10'),(90,83,'2019-01-13 13:59:10'),(10,61,'2019-01-13 13:59:10'),(99,79,'2019-01-13 13:59:10'),(17,24,'2019-01-13 13:59:10'),(23,67,'2019-01-13 13:59:11'),(4,79,'2019-01-13 13:59:11'),(43,93,'2019-01-13 13:59:11'),(53,87,'2019-01-13 13:59:11'),(29,91,'2019-01-13 13:59:11'),(97,108,'2019-01-13 13:59:11'),(26,67,'2019-01-13 13:59:12'),(53,98,'2019-01-13 13:59:12'),(100,92,'2019-01-13 13:59:12'),(71,33,'2019-01-13 13:59:12'),(57,106,'2019-01-13 13:59:12'),(71,96,'2019-01-13 13:59:12'),(38,102,'2019-01-13 13:59:12'),(5,70,'2019-01-13 13:59:12'),(20,66,'2019-01-13 13:59:13'),(83,86,'2019-01-13 13:59:13'),(70,99,'2019-01-13 13:59:13'),(97,44,'2019-01-13 13:59:13'),(11,60,'2019-01-13 13:59:13'),(98,58,'2019-01-13 13:59:13'),(99,26,'2019-01-13 13:59:13'),(36,66,'2019-01-13 13:59:13'),(61,74,'2019-01-13 13:59:13'),(8,40,'2019-01-13 13:59:13'),(37,92,'2019-01-13 13:59:14'),(36,79,'2019-01-13 13:59:14'),(99,41,'2019-01-13 13:59:14'),(51,34,'2019-01-13 13:59:14'),(11,37,'2019-01-13 13:59:14'),(23,99,'2019-01-13 13:59:15'),(27,28,'2019-01-13 13:59:15'),(69,107,'2019-01-13 13:59:15'),(62,21,'2019-01-13 13:59:15'),(37,110,'2019-01-13 13:59:15'),(71,58,'2019-01-13 13:59:15'),(65,100,'2019-01-13 13:59:15'),(43,30,'2019-01-13 13:59:15'),(17,69,'2019-01-13 13:59:15'),(16,80,'2019-01-13 13:59:15'),(42,69,'2019-01-13 13:59:15'),(91,54,'2019-01-13 13:59:16'),(65,60,'2019-01-13 13:59:16'),(12,72,'2019-01-13 13:59:16'),(49,17,'2019-01-13 13:59:16'),(18,19,'2019-01-13 13:59:16'),(58,66,'2019-01-13 13:59:17'),(17,58,'2019-01-13 13:59:17'),(25,28,'2019-01-13 13:59:17'),(97,91,'2019-01-13 13:59:17'),(8,35,'2019-01-13 13:59:17'),(86,64,'2019-01-13 13:59:17'),(31,92,'2019-01-13 13:59:17'),(97,18,'2019-01-13 13:59:18'),(81,100,'2019-01-13 13:59:18'),(32,27,'2019-01-13 13:59:18'),(95,84,'2019-01-13 13:59:18'),(62,66,'2019-01-13 13:59:18'),(8,36,'2019-01-13 13:59:18'),(58,36,'2019-01-13 13:59:18'),(1,36,'2019-01-13 13:59:18'),(86,20,'2019-01-13 13:59:18'),(64,13,'2019-01-13 13:59:19'),(100,47,'2019-01-13 13:59:19'),(97,17,'2019-01-13 13:59:19'),(17,33,'2019-01-13 13:59:19'),(80,27,'2019-01-13 13:59:20'),(47,78,'2019-01-13 13:59:20'),(61,46,'2019-01-13 13:59:20'),(88,103,'2019-01-13 13:59:20'),(94,52,'2019-01-13 13:59:20'),(71,17,'2019-01-13 13:59:20'),(57,88,'2019-01-13 14:31:00'),(35,101,'2019-01-13 14:31:00'),(68,24,'2019-01-13 14:31:00'),(48,69,'2019-01-13 14:31:00'),(70,28,'2019-01-13 14:31:00'),(50,87,'2019-01-13 14:31:00'),(34,77,'2019-01-13 14:31:00'),(27,38,'2019-01-13 14:31:00'),(86,65,'2019-01-13 14:31:00'),(59,25,'2019-01-13 14:31:00'),(39,109,'2019-01-13 14:31:00'),(30,14,'2019-01-13 14:31:00'),(26,44,'2019-01-13 14:31:00'),(45,26,'2019-01-13 14:31:00'),(40,62,'2019-01-13 14:31:00'),(13,32,'2019-01-13 14:31:00'),(95,100,'2019-01-13 14:31:00'),(99,84,'2019-01-13 14:31:00'),(28,94,'2019-01-13 14:31:00'),(29,96,'2019-01-13 14:31:01'),(33,29,'2019-01-13 14:31:01'),(40,94,'2019-01-13 14:31:01'),(95,37,'2019-01-13 14:31:01'),(13,99,'2019-01-13 14:31:01'),(62,68,'2019-01-13 14:31:01'),(95,23,'2019-01-13 14:31:01'),(35,75,'2019-01-13 14:31:01'),(13,50,'2019-01-13 14:31:01'),(60,77,'2019-01-13 14:31:01'),(32,47,'2019-01-13 14:31:01'),(60,37,'2019-01-13 14:31:01'),(3,65,'2019-01-13 14:31:01'),(49,101,'2019-01-13 14:31:01'),(19,92,'2019-01-13 14:31:02'),(24,26,'2019-01-13 14:31:02'),(14,25,'2019-01-13 14:31:02'),(13,73,'2019-01-13 14:31:02'),(50,48,'2019-01-13 14:31:02'),(67,106,'2019-01-13 14:31:02'),(48,85,'2019-01-13 14:31:02'),(66,66,'2019-01-13 14:31:02'),(95,37,'2019-01-13 14:31:02'),(72,27,'2019-01-13 14:31:03'),(41,58,'2019-01-13 14:31:03'),(42,27,'2019-01-13 14:31:03'),(39,12,'2019-01-13 14:31:03'),(80,47,'2019-01-13 14:31:03'),(35,65,'2019-01-13 14:31:03'),(81,116,'2019-01-13 14:31:03'),(38,53,'2019-01-13 14:31:03'),(60,60,'2019-01-13 14:31:03'),(79,39,'2019-01-13 14:31:03'),(34,38,'2019-01-13 14:31:03'),(96,93,'2019-01-13 14:31:03'),(26,52,'2019-01-13 14:31:03'),(96,31,'2019-01-13 14:31:03'),(30,64,'2019-01-13 14:31:03'),(41,24,'2019-01-13 14:31:03'),(43,21,'2019-01-13 14:31:04'),(41,17,'2019-01-13 14:31:04'),(51,28,'2019-01-13 14:31:04'),(24,78,'2019-01-13 14:31:04'),(72,21,'2019-01-13 14:31:04'),(37,52,'2019-01-13 14:31:04'),(54,76,'2019-01-13 14:31:04'),(48,61,'2019-01-13 14:31:04'),(55,85,'2019-01-13 14:31:04'),(49,85,'2019-01-13 14:31:04'),(34,11,'2019-01-13 14:31:04'),(7,45,'2019-01-13 14:31:04'),(1,44,'2019-01-13 14:31:04'),(28,77,'2019-01-13 14:31:04'),(11,55,'2019-01-13 14:31:04'),(36,109,'2019-01-13 14:31:05'),(59,11,'2019-01-13 14:31:05'),(55,98,'2019-01-13 14:31:05'),(94,103,'2019-01-13 14:31:05'),(4,48,'2019-01-13 14:31:05'),(33,109,'2019-01-13 14:31:05'),(39,95,'2019-01-13 14:31:05'),(60,76,'2019-01-13 14:31:05'),(72,57,'2019-01-13 14:31:05'),(17,56,'2019-01-13 14:31:05'),(66,41,'2019-01-13 14:31:05'),(5,75,'2019-01-13 14:31:05'),(16,59,'2019-01-13 14:31:06'),(63,44,'2019-01-13 14:31:06'),(39,78,'2019-01-13 14:31:06'),(54,16,'2019-01-13 14:31:06'),(10,68,'2019-01-13 14:31:06'),(13,92,'2019-01-13 14:31:06'),(5,27,'2019-01-13 14:31:06'),(91,116,'2019-01-13 14:31:06'),(8,93,'2019-01-13 14:31:06'),(46,60,'2019-01-13 14:31:06'),(39,91,'2019-01-13 14:31:06'),(69,37,'2019-01-13 14:31:06'),(81,86,'2019-01-13 14:31:06'),(12,29,'2019-01-13 14:31:07'),(64,93,'2019-01-13 14:31:07'),(55,42,'2019-01-13 14:31:07'),(90,50,'2019-01-13 14:31:07'),(90,72,'2019-01-13 14:31:07'),(74,47,'2019-01-13 14:31:07'),(53,71,'2019-01-13 14:31:07'),(46,18,'2019-01-13 14:31:07'),(73,98,'2019-01-13 14:31:07'),(70,24,'2019-01-13 14:31:07'),(67,41,'2019-01-13 14:31:07'),(19,25,'2019-01-13 14:31:07'),(29,75,'2019-01-13 14:31:08'),(63,36,'2019-01-13 14:31:08'),(40,12,'2019-01-13 14:31:08'),(12,62,'2019-01-13 14:31:08'),(64,110,'2019-01-13 14:31:08'),(24,25,'2019-01-13 14:31:08'),(88,99,'2019-01-13 14:31:08'),(69,25,'2019-01-13 14:31:08'),(56,80,'2019-01-13 14:31:09'),(23,80,'2019-01-13 14:31:09'),(6,42,'2019-01-13 14:31:09'),(92,77,'2019-01-13 14:31:09'),(15,99,'2019-01-13 14:31:09'),(24,79,'2019-01-13 14:31:09'),(26,68,'2019-01-13 14:31:09'),(30,26,'2019-01-13 14:31:10'),(55,33,'2019-01-13 14:31:10'),(24,87,'2019-01-13 14:31:10'),(7,41,'2019-01-13 14:31:10'),(96,89,'2019-01-13 14:31:10'),(93,104,'2019-01-13 14:31:10'),(51,13,'2019-01-13 14:31:10'),(84,11,'2019-01-13 14:31:11'),(41,43,'2019-01-13 14:31:11'),(34,65,'2019-01-13 14:31:11'),(25,48,'2019-01-13 14:31:11'),(27,86,'2019-01-13 14:31:11'),(99,97,'2019-01-13 14:31:11'),(52,108,'2019-01-13 14:34:51'),(59,21,'2019-01-13 14:34:51'),(94,98,'2019-01-13 14:34:51'),(65,116,'2019-01-13 14:34:51'),(66,33,'2019-01-13 14:34:51'),(92,33,'2019-01-13 14:34:52'),(2,87,'2019-01-13 14:34:52'),(17,33,'2019-01-13 14:34:52'),(65,76,'2019-01-13 14:34:52'),(4,72,'2019-01-13 14:34:52'),(38,73,'2019-01-13 14:34:52'),(19,96,'2019-01-13 14:34:52'),(11,73,'2019-01-13 14:34:52'),(84,49,'2019-01-13 14:34:52'),(47,42,'2019-01-13 14:34:52'),(99,19,'2019-01-13 14:34:52'),(85,110,'2019-01-13 14:34:52'),(26,75,'2019-01-13 14:34:52'),(37,64,'2019-01-13 14:34:52'),(35,82,'2019-01-13 14:34:53'),(86,87,'2019-01-13 14:34:53'),(59,69,'2019-01-13 14:34:53'),(70,41,'2019-01-13 14:34:53'),(47,33,'2019-01-13 14:34:53'),(14,74,'2019-01-13 14:34:53'),(27,40,'2019-01-13 14:34:53'),(65,106,'2019-01-13 14:34:53'),(19,18,'2019-01-13 14:34:53'),(41,39,'2019-01-13 14:34:54'),(53,17,'2019-01-13 14:34:54'),(43,24,'2019-01-13 14:34:54'),(39,16,'2019-01-13 14:34:54'),(5,48,'2019-01-13 14:34:54'),(40,57,'2019-01-13 14:34:54'),(1,49,'2019-01-13 14:34:54'),(2,107,'2019-01-13 14:34:54'),(84,13,'2019-01-13 14:34:54'),(38,73,'2019-01-13 14:34:54'),(2,78,'2019-01-13 14:34:54'),(35,88,'2019-01-13 14:34:54'),(64,43,'2019-01-13 14:34:54'),(31,45,'2019-01-13 14:34:55'),(40,77,'2019-01-13 14:34:55'),(91,65,'2019-01-13 14:34:55'),(9,67,'2019-01-13 14:34:55'),(32,79,'2019-01-13 14:34:55'),(8,32,'2019-01-13 14:34:55'),(44,48,'2019-01-13 14:34:55'),(43,100,'2019-01-13 14:34:55'),(14,96,'2019-01-13 14:34:55'),(68,98,'2019-01-13 14:34:55'),(94,21,'2019-01-13 14:34:55'),(40,12,'2019-01-13 14:34:56'),(52,25,'2019-01-13 14:34:56'),(52,47,'2019-01-13 14:34:56'),(28,30,'2019-01-13 14:34:57'),(36,23,'2019-01-13 14:34:57'),(71,94,'2019-01-13 14:34:57'),(92,116,'2019-01-13 14:34:57'),(43,47,'2019-01-13 14:34:58'),(30,83,'2019-01-13 14:34:58'),(49,90,'2019-01-13 14:34:58'),(66,32,'2019-01-13 14:34:58'),(14,99,'2019-01-13 14:34:58'),(60,31,'2019-01-13 14:34:58'),(43,52,'2019-01-13 14:34:58'),(43,13,'2019-01-13 14:34:59'),(32,97,'2019-01-13 14:34:59'),(37,34,'2019-01-13 14:34:59'),(95,23,'2019-01-13 14:34:59'),(20,90,'2019-01-13 14:34:59'),(41,50,'2019-01-13 14:34:59'),(39,103,'2019-01-13 14:34:59'),(33,100,'2019-01-13 14:34:59'),(61,83,'2019-01-13 14:34:59'),(22,76,'2019-01-13 14:34:59'),(96,83,'2019-01-13 14:34:59'),(71,47,'2019-01-13 14:34:59'),(71,84,'2019-01-13 14:34:59'),(27,16,'2019-01-13 14:35:00'),(97,89,'2019-01-13 14:35:00'),(56,28,'2019-01-13 14:35:00'),(37,14,'2019-01-13 14:35:00'),(24,59,'2019-01-13 14:35:00'),(86,99,'2019-01-13 14:35:00'),(50,47,'2019-01-13 14:35:01'),(93,49,'2019-01-13 14:35:01'),(52,71,'2019-01-13 14:35:01'),(25,107,'2019-01-13 14:35:01'),(83,67,'2019-01-13 14:35:01'),(4,99,'2019-01-13 14:35:01'),(50,78,'2019-01-13 14:35:01'),(10,83,'2019-01-13 14:35:01'),(77,82,'2019-01-13 14:35:02'),(43,25,'2019-01-13 14:35:02'),(72,24,'2019-01-13 14:35:02'),(38,29,'2019-01-13 14:35:02'),(33,85,'2019-01-13 14:35:02'),(96,66,'2019-01-13 14:35:02'),(65,62,'2019-01-13 14:35:02'),(20,95,'2019-01-13 14:35:02'),(67,69,'2019-01-13 14:35:02'),(82,45,'2019-01-13 14:35:03'),(7,67,'2019-01-13 14:35:03'),(25,16,'2019-01-13 14:35:03'),(80,36,'2019-01-13 14:35:03'),(65,24,'2019-01-13 14:35:03'),(74,51,'2019-01-13 14:35:03'),(65,66,'2019-01-13 14:35:03'),(51,13,'2019-01-13 14:35:03'),(9,79,'2019-01-13 14:35:04'),(86,15,'2019-01-13 14:35:04'),(39,50,'2019-01-13 14:35:04'),(87,108,'2019-01-13 14:35:04'),(15,15,'2019-01-13 14:35:04'),(51,46,'2019-01-13 14:35:04'),(27,59,'2019-01-13 14:35:04'),(90,29,'2019-01-13 14:35:04'),(17,108,'2019-01-13 14:35:04'),(36,103,'2019-01-13 14:35:04'),(72,40,'2019-01-13 14:35:04'),(100,82,'2019-01-13 14:35:05'),(98,90,'2019-01-13 14:35:05'),(67,49,'2019-01-13 14:35:05'),(16,20,'2019-01-13 14:35:05'),(14,80,'2019-01-13 14:35:05'),(40,29,'2019-01-13 14:35:05'),(43,19,'2019-01-13 14:35:05'),(76,78,'2019-01-13 14:35:05'),(8,21,'2019-01-13 14:35:05'),(73,96,'2019-01-13 14:35:06'),(17,46,'2019-01-13 14:35:06'),(97,30,'2019-01-13 14:35:06'),(58,99,'2019-01-13 14:35:07'),(62,17,'2019-01-13 14:35:07'),(88,64,'2019-01-13 14:35:07'),(21,51,'2019-01-13 14:35:08'),(74,69,'2019-01-13 14:35:09'),(95,70,'2019-01-13 15:12:21'),(2,91,'2019-01-13 15:12:21'),(58,40,'2019-01-13 15:12:21'),(94,85,'2019-01-13 15:12:21'),(8,96,'2019-01-13 15:12:21'),(5,67,'2019-01-13 15:12:21'),(34,20,'2019-01-13 15:12:21'),(10,29,'2019-01-13 15:12:21'),(99,53,'2019-01-13 15:12:21'),(67,76,'2019-01-13 15:12:21'),(17,88,'2019-01-13 15:12:21'),(90,26,'2019-01-13 15:12:22'),(81,70,'2019-01-13 15:12:22'),(53,16,'2019-01-13 15:12:22'),(31,41,'2019-01-13 15:12:22'),(3,98,'2019-01-13 15:12:22'),(94,92,'2019-01-13 15:12:22'),(26,29,'2019-01-13 15:12:22'),(35,51,'2019-01-13 15:12:22'),(14,88,'2019-01-13 15:12:22'),(13,34,'2019-01-13 15:12:22'),(99,98,'2019-01-13 15:12:22'),(93,42,'2019-01-13 15:12:22'),(63,70,'2019-01-13 15:12:22'),(82,88,'2019-01-13 15:12:22'),(100,27,'2019-01-13 15:12:22'),(29,37,'2019-01-13 15:12:22'),(52,13,'2019-01-13 15:12:22'),(69,30,'2019-01-13 15:12:22'),(26,36,'2019-01-13 15:12:22'),(52,108,'2019-01-13 15:12:23'),(58,15,'2019-01-13 15:12:23'),(34,95,'2019-01-13 15:12:23'),(92,19,'2019-01-13 15:12:23'),(89,103,'2019-01-13 15:12:23'),(96,21,'2019-01-13 15:12:23'),(62,84,'2019-01-13 15:12:23'),(44,85,'2019-01-13 15:12:23'),(4,43,'2019-01-13 15:12:23'),(42,71,'2019-01-13 15:12:23'),(90,51,'2019-01-13 15:12:23'),(14,46,'2019-01-13 15:12:23'),(69,11,'2019-01-13 15:12:23'),(94,21,'2019-01-13 15:12:24'),(51,32,'2019-01-13 15:12:24'),(70,49,'2019-01-13 15:12:24'),(18,83,'2019-01-13 15:12:24'),(90,65,'2019-01-13 15:12:24'),(64,68,'2019-01-13 15:12:24'),(74,35,'2019-01-13 15:12:24'),(28,72,'2019-01-13 15:12:24'),(82,63,'2019-01-13 15:12:24'),(26,97,'2019-01-13 15:12:24'),(20,87,'2019-01-13 15:12:24'),(19,103,'2019-01-13 15:12:24'),(97,82,'2019-01-13 15:12:24'),(12,60,'2019-01-13 15:12:24'),(32,20,'2019-01-13 15:12:24'),(48,35,'2019-01-13 15:12:24'),(34,28,'2019-01-13 15:12:24'),(2,48,'2019-01-13 15:12:25'),(37,77,'2019-01-13 15:12:25'),(21,41,'2019-01-13 15:12:25'),(5,37,'2019-01-13 15:12:25'),(93,29,'2019-01-13 15:12:25'),(4,99,'2019-01-13 15:12:25'),(75,13,'2019-01-13 15:12:25'),(12,98,'2019-01-13 15:12:25'),(5,83,'2019-01-13 15:12:25'),(95,64,'2019-01-13 15:12:25'),(32,18,'2019-01-13 15:12:25'),(77,24,'2019-01-13 15:12:26'),(91,18,'2019-01-13 15:12:26'),(45,44,'2019-01-13 15:12:26'),(75,31,'2019-01-13 15:12:26'),(58,99,'2019-01-13 15:12:26'),(11,12,'2019-01-13 15:12:26'),(27,42,'2019-01-13 15:12:26'),(17,70,'2019-01-13 15:12:26'),(55,43,'2019-01-13 15:12:26'),(95,59,'2019-01-13 15:12:26'),(85,103,'2019-01-13 15:12:26'),(27,32,'2019-01-13 15:12:26'),(22,81,'2019-01-13 15:12:26'),(36,86,'2019-01-13 15:12:27'),(56,100,'2019-01-13 15:12:27'),(77,109,'2019-01-13 15:12:27'),(74,69,'2019-01-13 15:12:27'),(63,71,'2019-01-13 15:12:27'),(68,107,'2019-01-13 15:12:27'),(16,88,'2019-01-13 15:12:27'),(91,54,'2019-01-13 15:12:27'),(12,40,'2019-01-13 15:12:27'),(72,22,'2019-01-13 15:12:27'),(52,60,'2019-01-13 15:12:27'),(29,38,'2019-01-13 15:12:27'),(40,96,'2019-01-13 15:12:27'),(59,65,'2019-01-13 15:12:28'),(72,94,'2019-01-13 15:12:28'),(63,102,'2019-01-13 15:12:28'),(79,34,'2019-01-13 15:12:28'),(68,108,'2019-01-13 15:12:28'),(86,50,'2019-01-13 15:12:28'),(94,30,'2019-01-13 15:12:28'),(52,97,'2019-01-13 15:12:28'),(27,30,'2019-01-13 15:12:28'),(6,90,'2019-01-13 15:12:28'),(89,84,'2019-01-13 15:12:28'),(72,67,'2019-01-13 15:12:28'),(18,19,'2019-01-13 15:12:28'),(23,35,'2019-01-13 15:12:28'),(23,55,'2019-01-13 15:12:29'),(75,98,'2019-01-13 15:12:29'),(3,84,'2019-01-13 15:12:29'),(83,60,'2019-01-13 15:12:29'),(24,80,'2019-01-13 15:12:29'),(48,87,'2019-01-13 15:12:29'),(56,63,'2019-01-13 15:12:29'),(80,55,'2019-01-13 15:12:29'),(11,69,'2019-01-13 15:12:29'),(3,40,'2019-01-13 15:12:30'),(96,91,'2019-01-13 15:12:30'),(65,97,'2019-01-13 15:12:30'),(57,36,'2019-01-13 15:12:30'),(23,59,'2019-01-13 15:12:30'),(26,29,'2019-01-13 15:12:30'),(19,39,'2019-01-13 15:12:30'),(68,44,'2019-01-13 15:12:30'),(38,42,'2019-01-13 15:12:30'),(92,86,'2019-01-13 15:12:31'),(56,43,'2019-01-13 15:12:31'),(28,58,'2019-01-13 15:12:31'),(42,45,'2019-01-13 15:12:31'),(9,74,'2019-01-13 15:12:31'),(76,34,'2019-01-13 15:12:31'),(46,48,'2019-01-13 15:12:31'),(99,87,'2019-01-13 15:12:31'),(15,47,'2019-01-13 15:12:31'),(72,63,'2019-01-13 15:25:53'),(72,42,'2019-01-13 15:25:53'),(75,78,'2019-01-13 15:25:53'),(1,35,'2019-01-13 15:25:53'),(39,89,'2019-01-13 15:25:53'),(49,103,'2019-01-13 15:25:53'),(39,39,'2019-01-13 15:25:54'),(70,27,'2019-01-13 15:25:54'),(99,35,'2019-01-13 15:25:54'),(13,108,'2019-01-13 15:25:54'),(77,108,'2019-01-13 15:25:54'),(11,38,'2019-01-13 15:25:54'),(34,32,'2019-01-13 15:25:54'),(7,67,'2019-01-13 15:25:54'),(80,102,'2019-01-13 15:25:54'),(40,21,'2019-01-13 15:25:54'),(42,24,'2019-01-13 15:25:54'),(2,56,'2019-01-13 15:26:34'),(91,27,'2019-01-13 15:27:53'),(11,97,'2019-01-13 15:27:54'),(77,39,'2019-01-13 15:27:54'),(81,81,'2019-01-13 15:27:54'),(43,96,'2019-01-13 15:27:54'),(22,94,'2019-01-13 15:27:54'),(76,43,'2019-01-13 15:27:54'),(52,95,'2019-01-13 15:27:54'),(86,13,'2019-01-13 15:27:54'),(9,96,'2019-01-13 15:27:54'),(62,68,'2019-01-13 15:27:54'),(36,12,'2019-01-13 15:27:54'),(22,64,'2019-01-13 15:27:54'),(65,94,'2019-01-13 15:27:54'),(83,18,'2019-01-13 15:27:54'),(16,20,'2019-01-13 15:27:54'),(87,51,'2019-01-13 15:27:54'),(1,94,'2019-01-13 15:27:54'),(92,23,'2019-01-13 15:27:54'),(67,71,'2019-01-13 15:27:55'),(75,66,'2019-01-13 15:27:55'),(10,68,'2019-01-13 15:27:55'),(17,54,'2019-01-13 15:27:55'),(32,12,'2019-01-13 15:27:55'),(38,52,'2019-01-13 15:27:55'),(49,104,'2019-01-13 15:27:55'),(24,41,'2019-01-13 15:27:55'),(19,50,'2019-01-13 15:27:55'),(63,57,'2019-01-13 15:27:55'),(34,61,'2019-01-13 15:27:55'),(22,89,'2019-01-13 15:27:55'),(51,43,'2019-01-13 15:27:55'),(8,61,'2019-01-13 15:27:55'),(87,27,'2019-01-13 15:27:55'),(49,83,'2019-01-13 15:27:55'),(48,89,'2019-01-13 15:27:55'),(20,73,'2019-01-13 15:27:56'),(12,20,'2019-01-13 15:27:56'),(43,41,'2019-01-13 15:27:56'),(89,67,'2019-01-13 15:27:56'),(97,38,'2019-01-13 15:27:56'),(24,29,'2019-01-13 15:27:56'),(67,100,'2019-01-13 15:27:56'),(12,52,'2019-01-13 15:27:56'),(7,49,'2019-01-13 15:27:56'),(1,65,'2019-01-13 15:27:56'),(58,32,'2019-01-13 15:27:57'),(4,25,'2019-01-13 15:27:57'),(54,106,'2019-01-13 15:27:57'),(86,18,'2019-01-13 15:27:57'),(57,78,'2019-01-13 15:27:57'),(83,52,'2019-01-13 15:27:57'),(55,37,'2019-01-13 15:27:57'),(71,44,'2019-01-13 15:27:57'),(39,43,'2019-01-13 15:27:57'),(14,69,'2019-01-13 15:27:57'),(50,89,'2019-01-13 15:27:57'),(71,81,'2019-01-13 15:27:57'),(32,72,'2019-01-13 15:27:57'),(39,90,'2019-01-13 15:27:57'),(43,52,'2019-01-13 15:27:57'),(7,12,'2019-01-13 15:27:58'),(72,15,'2019-01-13 15:27:58'),(15,19,'2019-01-13 15:27:58'),(75,33,'2019-01-13 15:27:58'),(10,17,'2019-01-13 15:27:58'),(29,103,'2019-01-13 15:27:58'),(88,16,'2019-01-13 15:27:58'),(67,81,'2019-01-13 15:27:58'),(49,34,'2019-01-13 15:27:58'),(67,47,'2019-01-13 15:27:58'),(56,36,'2019-01-13 15:27:58'),(84,27,'2019-01-13 15:27:58'),(91,39,'2019-01-13 15:27:58'),(100,64,'2019-01-13 15:27:58'),(2,107,'2019-01-13 15:27:58'),(49,77,'2019-01-13 15:27:59'),(88,44,'2019-01-13 15:27:59'),(12,59,'2019-01-13 15:27:59'),(49,35,'2019-01-13 15:27:59'),(25,13,'2019-01-13 15:27:59'),(90,96,'2019-01-13 15:27:59'),(3,93,'2019-01-13 15:27:59'),(36,49,'2019-01-13 15:27:59'),(52,81,'2019-01-13 15:27:59'),(40,42,'2019-01-13 15:27:59'),(29,96,'2019-01-13 15:27:59'),(11,40,'2019-01-13 15:28:00'),(32,63,'2019-01-13 15:28:00'),(75,59,'2019-01-13 15:28:00'),(10,50,'2019-01-13 15:28:00'),(67,27,'2019-01-13 15:28:00'),(83,33,'2019-01-13 15:28:00'),(99,79,'2019-01-13 15:28:00'),(97,33,'2019-01-13 15:28:00'),(76,49,'2019-01-13 15:28:01'),(98,44,'2019-01-13 15:28:01'),(57,85,'2019-01-13 15:28:01'),(6,41,'2019-01-13 15:28:01'),(94,44,'2019-01-13 15:28:01'),(31,63,'2019-01-13 15:28:01'),(16,86,'2019-01-13 15:28:01'),(27,40,'2019-01-13 15:28:01'),(96,49,'2019-01-13 15:28:01'),(33,54,'2019-01-13 15:28:01'),(100,101,'2019-01-13 15:28:01'),(68,97,'2019-01-13 15:28:01'),(51,100,'2019-01-13 15:28:01'),(85,35,'2019-01-13 15:28:02'),(53,67,'2019-01-13 15:28:02'),(30,108,'2019-01-13 15:28:02'),(67,14,'2019-01-13 15:28:02'),(65,14,'2019-01-13 15:28:02'),(81,27,'2019-01-13 15:28:02'),(89,30,'2019-01-13 15:28:02'),(83,26,'2019-01-13 15:28:03'),(90,105,'2019-01-13 15:28:03'),(30,61,'2019-01-13 15:28:03'),(21,46,'2019-01-13 15:28:03'),(54,97,'2019-01-13 15:28:03'),(76,37,'2019-01-13 15:28:03'),(9,21,'2019-01-13 15:28:03'),(67,75,'2019-01-13 15:28:03'),(84,45,'2019-01-13 15:28:03'),(64,20,'2019-01-13 15:28:03'),(62,50,'2019-01-13 15:28:03'),(98,68,'2019-01-13 15:28:04'),(80,24,'2019-01-13 15:28:04'),(95,102,'2019-01-13 15:28:04'),(83,99,'2019-01-13 15:28:04'),(96,95,'2019-01-13 15:28:04'),(12,103,'2019-01-13 15:28:04'),(12,79,'2019-01-13 15:28:04'),(77,109,'2019-01-13 15:28:05'),(37,31,'2019-01-13 15:28:05'),(36,56,'2019-01-13 15:28:05'),(28,50,'2019-01-13 15:28:47'),(89,105,'2019-01-13 15:28:47'),(13,43,'2019-01-13 15:28:48'),(9,16,'2019-01-13 15:28:48'),(24,66,'2019-01-13 15:28:48'),(68,107,'2019-01-13 15:28:48'),(61,46,'2019-01-13 15:28:48'),(12,41,'2019-01-13 15:28:48'),(58,80,'2019-01-13 15:28:48'),(24,91,'2019-01-13 15:28:48'),(77,40,'2019-01-13 15:28:48'),(10,21,'2019-01-13 15:28:48'),(39,61,'2019-01-13 15:28:48'),(12,98,'2019-01-13 15:28:48'),(90,103,'2019-01-13 15:28:48'),(7,28,'2019-01-13 15:28:48'),(24,22,'2019-01-13 15:28:48'),(15,17,'2019-01-13 15:28:48'),(52,78,'2019-01-13 15:28:48'),(41,86,'2019-01-13 15:28:48'),(60,45,'2019-01-13 15:28:49'),(76,23,'2019-01-13 15:28:49'),(97,110,'2019-01-13 15:28:49'),(27,16,'2019-01-13 15:28:49'),(82,116,'2019-01-13 15:28:49'),(87,110,'2019-01-13 15:28:49'),(16,39,'2019-01-13 15:28:49'),(22,116,'2019-01-13 15:28:49'),(32,11,'2019-01-13 15:28:49'),(13,35,'2019-01-13 15:28:49'),(75,39,'2019-01-13 15:28:49'),(90,104,'2019-01-13 15:28:49'),(93,19,'2019-01-13 15:28:49'),(21,83,'2019-01-13 15:28:49'),(41,107,'2019-01-13 15:28:50'),(71,34,'2019-01-13 15:28:50'),(2,25,'2019-01-13 15:28:50'),(58,20,'2019-01-13 15:28:50'),(97,109,'2019-01-13 15:28:50'),(22,11,'2019-01-13 15:28:50'),(45,102,'2019-01-13 15:28:50'),(10,19,'2019-01-13 15:28:50'),(9,53,'2019-01-13 15:28:51'),(58,15,'2019-01-13 15:28:51'),(90,54,'2019-01-13 15:28:51'),(57,11,'2019-01-13 15:28:51'),(30,85,'2019-01-13 15:28:51'),(6,103,'2019-01-13 15:28:51'),(67,85,'2019-01-13 15:28:51'),(76,76,'2019-01-13 15:28:51'),(1,51,'2019-01-13 15:28:51'),(7,22,'2019-01-13 15:28:51'),(50,108,'2019-01-13 15:28:52'),(85,85,'2019-01-13 15:28:52'),(24,110,'2019-01-13 15:28:52'),(64,40,'2019-01-13 15:28:52'),(17,37,'2019-01-13 15:28:52'),(52,105,'2019-01-13 15:28:52'),(32,81,'2019-01-13 15:28:52'),(75,60,'2019-01-13 15:28:52'),(66,110,'2019-01-13 15:28:52'),(90,107,'2019-01-13 15:28:52'),(91,55,'2019-01-13 15:28:52'),(10,24,'2019-01-13 15:28:53'),(87,32,'2019-01-13 15:28:53'),(33,31,'2019-01-13 15:28:53'),(21,78,'2019-01-13 15:28:53'),(40,78,'2019-01-13 15:28:53'),(91,12,'2019-01-13 15:28:54'),(23,92,'2019-01-13 15:28:54'),(41,53,'2019-01-13 15:28:54'),(43,32,'2019-01-13 15:28:54'),(31,105,'2019-01-13 15:28:54'),(34,36,'2019-01-13 15:28:54'),(13,14,'2019-01-13 15:28:54'),(1,101,'2019-01-13 15:28:54'),(4,32,'2019-01-13 15:28:54'),(52,116,'2019-01-13 15:28:54'),(12,11,'2019-01-13 15:28:54'),(91,64,'2019-01-13 15:28:55'),(65,76,'2019-01-13 15:28:55'),(21,35,'2019-01-13 15:28:55'),(50,26,'2019-01-13 15:28:55'),(22,74,'2019-01-13 15:28:55'),(9,78,'2019-01-13 15:28:55'),(23,26,'2019-01-13 15:28:55'),(10,42,'2019-01-13 15:28:55'),(39,87,'2019-01-13 15:28:55'),(84,92,'2019-01-13 15:28:55'),(34,33,'2019-01-13 15:28:55'),(87,13,'2019-01-13 15:28:56'),(14,105,'2019-01-13 15:28:56'),(83,31,'2019-01-13 15:28:56'),(54,94,'2019-01-13 15:28:56'),(11,54,'2019-01-13 15:28:56'),(68,92,'2019-01-13 15:28:56'),(8,93,'2019-01-13 15:28:57'),(30,34,'2019-01-13 15:28:57'),(35,100,'2019-01-13 15:28:57'),(95,55,'2019-01-13 15:28:57'),(26,82,'2019-01-13 15:28:57'),(8,32,'2019-01-13 15:28:57'),(18,28,'2019-01-13 15:28:57'),(74,100,'2019-01-13 15:28:57'),(87,93,'2019-01-13 15:28:57'),(30,83,'2019-01-13 15:28:57'),(59,96,'2019-01-13 15:28:57'),(57,33,'2019-01-13 15:28:58'),(95,70,'2019-01-13 15:28:58'),(9,74,'2019-01-13 15:28:58'),(19,116,'2019-01-13 15:28:58'),(47,90,'2019-01-13 15:28:58'),(20,92,'2019-01-13 15:28:58'),(97,108,'2019-01-13 15:28:59'),(88,79,'2019-01-13 15:28:59'),(14,101,'2019-01-13 15:28:59'),(33,86,'2019-01-13 15:28:59'),(47,18,'2019-01-13 15:28:59'),(75,46,'2019-01-13 15:28:59'),(80,61,'2019-01-13 15:28:59'),(80,47,'2019-01-13 15:29:00'),(47,98,'2019-01-13 15:29:00'),(75,22,'2019-01-13 15:29:00'),(88,98,'2019-01-13 15:29:00'),(14,14,'2019-01-13 15:29:00'),(98,107,'2019-01-13 15:29:00'),(46,95,'2019-01-13 15:29:00'),(80,85,'2019-01-13 15:29:01'),(37,62,'2019-01-13 15:29:01'),(13,107,'2019-01-13 15:29:02'),(83,98,'2019-01-13 15:29:02'),(68,31,'2019-01-13 15:29:02'),(87,37,'2019-01-13 15:29:02'),(17,93,'2019-01-13 15:29:02'),(31,33,'2019-01-13 15:29:02'),(69,89,'2019-01-13 15:29:02'),(1,31,'2019-01-14 03:12:29'),(2,31,'2019-01-14 11:11:15'),(24,31,'2019-01-14 11:12:16');
/*!40000 ALTER TABLE `history` ENABLE KEYS */;
UNLOCK TABLES;
/*!50003 SET @saved_cs_client      = @@character_set_client */ ;
/*!50003 SET @saved_cs_results     = @@character_set_results */ ;
/*!50003 SET @saved_col_connection = @@collation_connection */ ;
/*!50003 SET character_set_client  = utf8 */ ;
/*!50003 SET character_set_results = utf8 */ ;
/*!50003 SET collation_connection  = utf8_general_ci */ ;
/*!50003 SET @saved_sql_mode       = @@sql_mode */ ;
/*!50003 SET sql_mode              = 'STRICT_TRANS_TABLES,NO_ZERO_IN_DATE,NO_ZERO_DATE,ERROR_FOR_DIVISION_BY_ZERO,NO_ENGINE_SUBSTITUTION' */ ;
DELIMITER ;;
/*!50003 CREATE*/ /*!50017 DEFINER=`root`@`localhost`*/ /*!50003 TRIGGER history_insert AFTER INSERT ON history 
FOR EACH ROW 
BEGIN  
call GameStore.checkBestGame(new.game); 
END */;;
DELIMITER ;
/*!50003 SET sql_mode              = @saved_sql_mode */ ;
/*!50003 SET character_set_client  = @saved_cs_client */ ;
/*!50003 SET character_set_results = @saved_cs_results */ ;
/*!50003 SET collation_connection  = @saved_col_connection */ ;

--
-- Table structure for table `languages`
--

DROP TABLE IF EXISTS `languages`;
/*!40101 SET @saved_cs_client     = @@character_set_client */;
/*!40101 SET character_set_client = utf8 */;
CREATE TABLE `languages` (
  `language` varchar(20) NOT NULL,
  PRIMARY KEY (`language`)
) ENGINE=InnoDB DEFAULT CHARSET=latin1;
/*!40101 SET character_set_client = @saved_cs_client */;

--
-- Dumping data for table `languages`
--

LOCK TABLES `languages` WRITE;
/*!40000 ALTER TABLE `languages` DISABLE KEYS */;
INSERT INTO `languages` VALUES ('English'),('German'),('Italian'),('Polish'),('Russian'),('Turkish'),('Ukrainian');
/*!40000 ALTER TABLE `languages` ENABLE KEYS */;
UNLOCK TABLES;

--
-- Table structure for table `logs`
--

DROP TABLE IF EXISTS `logs`;
/*!40101 SET @saved_cs_client     = @@character_set_client */;
/*!40101 SET character_set_client = utf8 */;
CREATE TABLE `logs` (
  `id` int(11) NOT NULL AUTO_INCREMENT,
  `user` int(11) NOT NULL,
  `action` varchar(200) DEFAULT NULL,
  `date` datetime DEFAULT NULL,
  PRIMARY KEY (`id`)
) ENGINE=InnoDB AUTO_INCREMENT=131 DEFAULT CHARSET=latin1;
/*!40101 SET character_set_client = @saved_cs_client */;

--
-- Dumping data for table `logs`
--

LOCK TABLES `logs` WRITE;
/*!40000 ALTER TABLE `logs` DISABLE KEYS */;
INSERT INTO `logs` VALUES (2,31,'user logged in','2019-01-13 23:30:47'),(3,31,'logged in','2019-01-13 23:54:51'),(4,31,'logged in','2019-01-13 23:55:35'),(5,31,'logged in','2019-01-13 23:56:30'),(6,31,'logged in','2019-01-13 23:56:59'),(7,31,'logged in','2019-01-13 23:57:45'),(8,31,'logged in','2019-01-13 23:58:08'),(9,20,'logged in','2019-01-13 23:58:51'),(10,20,'logged in','2019-01-14 00:00:16'),(11,111,'logged in','2019-01-14 00:04:37'),(12,116,'logged in','2019-01-14 00:06:35'),(13,31,'logged in','2019-01-14 00:07:51'),(14,31,'logged in','2019-01-14 00:08:55'),(15,31,'logged in','2019-01-14 00:11:04'),(16,31,'logged in','2019-01-14 00:12:23'),(17,31,'logged in','2019-01-14 00:13:19'),(18,31,'logged in','2019-01-14 00:13:30'),(19,31,'logged in','2019-01-14 00:16:16'),(20,31,'logged in','2019-01-14 00:18:27'),(21,31,'logged in','2019-01-14 00:26:40'),(22,31,'logged in','2019-01-14 00:26:58'),(23,31,'playing lacinia','2019-01-14 00:27:06'),(24,31,'logged in','2019-01-14 00:28:11'),(25,31,'logged in','2019-01-14 00:33:46'),(26,31,'logged in','2019-01-14 00:34:43'),(27,31,'logged in','2019-01-14 00:36:23'),(28,31,'logged in','2019-01-14 00:36:45'),(29,31,'logged in','2019-01-14 00:39:52'),(30,31,'logged in','2019-01-14 00:42:45'),(31,31,'logged in','2019-01-14 00:43:22'),(32,31,'logged in','2019-01-14 00:44:33'),(33,31,'logged in','2019-01-14 00:45:26'),(34,31,'logged in','2019-01-14 00:48:02'),(35,31,'game 37 reated on 10','2019-01-14 00:48:10'),(36,31,'playing Curabitur','2019-01-14 00:48:12'),(37,31,'logged in','2019-01-14 01:22:04'),(38,31,'logged in','2019-01-14 01:23:04'),(39,31,'logged in','2019-01-14 01:23:59'),(40,31,'logged in','2019-01-14 01:24:42'),(41,31,'logged in','2019-01-14 01:26:29'),(42,31,'logged in','2019-01-14 01:28:57'),(43,31,'logged in','2019-01-14 01:29:46'),(44,31,'logged in','2019-01-14 01:30:42'),(45,31,'logged in','2019-01-14 01:31:00'),(46,31,'logged in','2019-01-14 01:32:17'),(47,31,'logged in','2019-01-14 01:36:39'),(48,31,'logged in','2019-01-14 01:37:09'),(49,31,'logged in','2019-01-14 01:40:03'),(50,31,'logged in','2019-01-14 01:40:58'),(51,31,'logged in','2019-01-14 01:47:53'),(52,31,'logged in','2019-01-14 01:48:26'),(53,31,'logged in','2019-01-14 01:49:14'),(54,31,'logged in','2019-01-14 01:51:47'),(55,31,'logged in','2019-01-14 01:57:39'),(56,31,'logged in','2019-01-14 02:00:19'),(57,31,'logged in','2019-01-14 02:05:05'),(58,31,'logged in','2019-01-14 02:05:30'),(59,31,'logged in','2019-01-14 02:09:33'),(60,31,'logged in','2019-01-14 02:10:14'),(61,31,'logged in','2019-01-14 02:19:20'),(62,31,'logged in','2019-01-14 02:29:26'),(63,31,'logged in','2019-01-14 02:30:17'),(64,31,'logged in','2019-01-14 02:36:22'),(65,31,'logged in','2019-01-14 02:37:07'),(66,31,'logged in','2019-01-14 02:37:47'),(67,31,'logged in','2019-01-14 02:39:23'),(68,31,'logged in','2019-01-14 02:40:11'),(69,31,'logged in','2019-01-14 02:54:20'),(70,31,'logged in','2019-01-14 02:55:54'),(71,31,'logged in','2019-01-14 02:58:05'),(72,31,'logged in','2019-01-14 02:58:48'),(73,31,'logged in','2019-01-14 02:59:28'),(74,31,'logged in','2019-01-14 03:00:17'),(75,31,'logged in','2019-01-14 03:00:49'),(76,31,'logged in','2019-01-14 03:05:57'),(77,31,'logged in','2019-01-14 03:08:45'),(78,31,'logged in','2019-01-14 03:12:24'),(79,31,'buoght game: 1','2019-01-14 03:12:30'),(80,31,'logged in','2019-01-14 11:04:52'),(81,31,'logged in','2019-01-14 11:06:12'),(82,31,'logged in','2019-01-14 11:08:13'),(83,31,'logged in','2019-01-14 11:11:08'),(84,31,'buoght game: 2','2019-01-14 11:11:16'),(85,31,'logged in','2019-01-14 11:12:09'),(86,31,'buoght game: 24','2019-01-14 11:12:16'),(87,31,'logged in','2019-01-14 11:27:14'),(88,31,'logged in','2019-01-14 11:35:38'),(89,31,'logged in','2019-01-14 11:46:26'),(90,31,'logged in','2019-01-14 11:49:05'),(91,31,'add founds: 60','2019-01-14 11:49:18'),(92,31,'add founds: 60','2019-01-14 11:49:23'),(93,31,'add founds: 60','2019-01-14 11:49:27'),(94,31,'add founds: 60','2019-01-14 11:49:35'),(95,31,'logged in','2019-01-14 11:52:46'),(96,31,'add founds: 100','2019-01-14 11:52:54'),(97,31,'add founds: 100','2019-01-14 11:52:58'),(98,31,'logged in','2019-01-14 11:53:21'),(99,31,'logged in','2019-01-14 11:54:57'),(100,31,'add founds: 60','2019-01-14 11:55:07'),(101,115,'logged in','2019-01-14 12:38:29'),(102,115,'logged in','2019-01-14 12:48:15'),(103,115,'logged in','2019-01-14 12:48:55'),(104,115,'logged in','2019-01-14 12:59:29'),(105,115,'deleted user: 116','2019-01-14 12:59:34'),(106,115,'logged in','2019-01-14 13:12:09'),(107,115,'logged in','2019-01-14 13:13:50'),(108,115,'deleted game: 101','2019-01-14 13:13:54'),(109,115,'logged in','2019-01-14 13:26:25'),(110,115,'deleted developer: 28','2019-01-14 13:26:37'),(111,115,'logged in','2019-01-14 13:27:49'),(112,115,'logged in','2019-01-14 13:28:42'),(113,115,'logged in','2019-01-14 13:45:59'),(114,115,'logged in','2019-01-14 13:47:32'),(115,115,'logged in','2019-01-14 13:48:26'),(116,115,'Add new user: asas','2019-01-14 13:48:33'),(117,115,'deleted user: 117','2019-01-14 13:48:57'),(118,115,'logged in','2019-01-14 13:50:25'),(119,115,'Add new user: as','2019-01-14 13:50:34'),(120,115,'deleted user: 118','2019-01-14 13:50:41'),(121,31,'logged in','2019-01-14 13:53:12'),(122,31,'playing id','2019-01-14 13:53:19'),(123,115,'logged in','2019-01-14 14:08:45'),(124,115,'logged in','2019-01-14 14:11:58'),(125,115,'logged in','2019-01-14 14:27:54'),(126,115,'logged in','2019-01-14 14:29:42'),(127,115,'logged in','2019-01-14 14:31:00'),(128,115,'logged in','2019-01-14 14:34:16'),(129,115,'logged in','2019-01-14 14:35:29'),(130,115,'logged in','2019-01-14 14:38:44');
/*!40000 ALTER TABLE `logs` ENABLE KEYS */;
UNLOCK TABLES;

--
-- Table structure for table `ratings`
--

DROP TABLE IF EXISTS `ratings`;
/*!40101 SET @saved_cs_client     = @@character_set_client */;
/*!40101 SET character_set_client = utf8 */;
CREATE TABLE `ratings` (
  `game` int(11) NOT NULL,
  `customer` int(11) NOT NULL,
  `rating` int(11) NOT NULL,
  `date` datetime NOT NULL,
  KEY `game` (`game`),
  KEY `customer` (`customer`)
) ENGINE=InnoDB DEFAULT CHARSET=latin1;
/*!40101 SET character_set_client = @saved_cs_client */;

--
-- Dumping data for table `ratings`
--

LOCK TABLES `ratings` WRITE;
/*!40000 ALTER TABLE `ratings` DISABLE KEYS */;
INSERT INTO `ratings` VALUES (4,20,6,'2018-06-14 14:46:18'),(32,70,1,'2019-02-17 18:04:33'),(20,12,4,'2018-10-15 16:44:50'),(74,15,4,'2019-10-27 17:17:48'),(76,37,6,'2019-02-27 08:39:53'),(55,34,1,'2018-03-25 07:19:00'),(93,17,9,'2018-10-09 03:30:00'),(2,91,4,'2019-10-30 17:13:30'),(72,25,2,'2018-05-08 03:48:25'),(89,82,10,'2018-04-22 22:06:05'),(84,17,7,'2019-10-23 09:19:48'),(7,55,3,'2018-03-04 09:50:18'),(37,11,7,'2019-10-21 04:41:59'),(11,85,9,'2019-06-13 02:43:23'),(69,43,8,'2019-10-02 14:41:06'),(19,56,6,'2018-04-23 23:16:29'),(93,68,2,'2020-01-07 21:25:48'),(28,78,8,'2018-10-07 10:46:51'),(60,100,7,'2019-04-24 07:37:11'),(42,62,8,'2019-04-25 07:27:45'),(95,85,7,'2018-06-02 05:32:13'),(71,66,8,'2019-10-03 13:20:40'),(82,39,3,'2019-04-09 18:02:51'),(45,51,1,'2018-05-10 00:32:30'),(49,19,10,'2019-05-04 02:13:45'),(99,77,2,'2019-03-06 13:51:55'),(41,16,2,'2019-11-04 07:28:48'),(22,81,4,'2018-04-08 08:18:01'),(80,78,2,'2019-06-28 22:57:29'),(24,74,9,'2018-03-04 20:20:13'),(55,51,2,'2018-07-08 11:15:53'),(100,52,8,'2019-12-24 17:22:42'),(34,60,1,'2019-08-07 14:05:13'),(66,97,3,'2018-08-15 22:36:51'),(99,48,3,'2018-11-06 03:53:59'),(27,18,1,'2018-12-27 16:27:04'),(28,68,9,'2019-02-03 00:02:19'),(70,19,8,'2018-08-20 03:41:57'),(32,34,10,'2018-05-02 12:44:03'),(86,71,4,'2019-07-31 23:20:24'),(81,12,1,'2018-02-25 01:07:53'),(69,11,9,'2018-10-01 02:14:41'),(21,68,7,'2018-06-23 08:26:19'),(22,90,10,'2018-10-16 07:54:20'),(63,51,2,'2018-11-07 02:02:23'),(47,39,6,'2019-05-08 08:59:31'),(84,83,3,'2019-08-07 22:18:59'),(53,22,4,'2019-05-29 14:30:56'),(36,79,5,'2018-10-30 22:47:55'),(44,47,3,'2019-01-09 22:34:17'),(21,50,2,'2018-09-08 13:01:55'),(96,89,1,'2018-07-23 11:40:14'),(56,67,4,'2018-04-02 04:16:49'),(88,76,2,'2019-04-10 10:28:26'),(24,49,10,'2019-08-05 14:52:54'),(55,65,1,'2018-09-30 19:21:27'),(22,72,4,'2018-09-14 23:20:19'),(74,21,10,'2019-12-19 00:52:57'),(96,17,1,'2019-04-12 20:12:04'),(97,100,2,'2019-02-28 04:18:32'),(16,73,5,'2018-04-02 10:30:22'),(57,60,2,'2018-10-22 02:37:03'),(75,91,8,'2019-10-09 18:07:45'),(30,74,2,'2020-01-02 10:40:14'),(16,92,3,'2019-07-29 20:52:16'),(26,82,3,'2018-05-17 23:07:29'),(86,87,5,'2018-10-24 02:08:20'),(70,34,2,'2019-10-24 12:35:19'),(100,58,7,'2019-07-10 18:22:48'),(49,79,4,'2018-04-26 17:36:07'),(44,94,8,'2019-11-25 04:31:46'),(62,22,8,'2020-01-10 12:23:14'),(61,25,8,'2018-10-25 01:12:48'),(48,61,2,'2018-03-30 12:17:46'),(28,59,9,'2018-08-04 16:55:30'),(24,19,4,'2019-09-19 09:49:26'),(54,59,9,'2018-07-15 15:37:38'),(15,100,6,'2018-02-28 02:54:16'),(4,39,7,'2018-08-15 02:45:13'),(47,87,1,'2018-05-11 09:58:43'),(46,19,1,'2019-05-07 11:25:56'),(79,51,10,'2018-08-02 18:24:17'),(82,11,3,'2019-07-01 10:40:52'),(64,75,7,'2018-03-15 07:22:19'),(22,52,8,'2018-03-09 15:43:55'),(82,27,1,'2019-11-28 00:08:20'),(73,63,1,'2019-05-16 08:49:15'),(88,67,5,'2018-04-22 19:56:32'),(40,25,7,'2019-12-15 02:35:09'),(28,69,4,'2018-12-19 15:28:05'),(79,91,9,'2019-03-09 08:54:37'),(38,81,2,'2018-01-18 13:01:25'),(23,100,2,'2019-03-16 10:52:28'),(34,67,3,'2019-08-26 11:48:55'),(73,52,10,'2019-08-26 13:59:50'),(68,55,10,'2019-02-26 21:40:20'),(28,21,10,'2019-10-20 11:01:03'),(25,33,3,'2018-04-04 01:58:43'),(67,88,5,'2019-08-04 02:13:09'),(98,91,2,'2018-11-17 23:01:51'),(1,101,5,'2019-01-14 00:03:37'),(75,31,5,'2019-01-14 00:07:39'),(96,31,6,'2019-01-14 00:26:47'),(68,31,2,'2019-01-14 00:27:58'),(83,31,7,'2019-01-14 00:45:45'),(37,31,10,'2019-01-14 00:48:10');
/*!40000 ALTER TABLE `ratings` ENABLE KEYS */;
UNLOCK TABLES;
/*!50003 SET @saved_cs_client      = @@character_set_client */ ;
/*!50003 SET @saved_cs_results     = @@character_set_results */ ;
/*!50003 SET @saved_col_connection = @@collation_connection */ ;
/*!50003 SET character_set_client  = utf8 */ ;
/*!50003 SET character_set_results = utf8 */ ;
/*!50003 SET collation_connection  = utf8_general_ci */ ;
/*!50003 SET @saved_sql_mode       = @@sql_mode */ ;
/*!50003 SET sql_mode              = 'STRICT_TRANS_TABLES,NO_ZERO_IN_DATE,NO_ZERO_DATE,ERROR_FOR_DIVISION_BY_ZERO,NO_ENGINE_SUBSTITUTION' */ ;
DELIMITER ;;
/*!50003 CREATE*/ /*!50017 DEFINER=`root`@`localhost`*/ /*!50003 TRIGGER rating_insert AFTER INSERT ON ratings
FOR EACH ROW
BEGIN
    
	call GameStore.setRating(NEW.game);

    
END */;;
DELIMITER ;
/*!50003 SET sql_mode              = @saved_sql_mode */ ;
/*!50003 SET character_set_client  = @saved_cs_client */ ;
/*!50003 SET character_set_results = @saved_cs_results */ ;
/*!50003 SET collation_connection  = @saved_col_connection */ ;

--
-- Table structure for table `tag`
--

DROP TABLE IF EXISTS `tag`;
/*!40101 SET @saved_cs_client     = @@character_set_client */;
/*!40101 SET character_set_client = utf8 */;
CREATE TABLE `tag` (
  `idtag` varchar(20) NOT NULL,
  PRIMARY KEY (`idtag`)
) ENGINE=InnoDB DEFAULT CHARSET=latin1;
/*!40101 SET character_set_client = @saved_cs_client */;

--
-- Dumping data for table `tag`
--

LOCK TABLES `tag` WRITE;
/*!40000 ALTER TABLE `tag` DISABLE KEYS */;
INSERT INTO `tag` VALUES ('Casual'),('Competitive'),('Indie'),('Myltiplayer'),('Open World'),('RPG'),('Shooter'),('Strategy'),('Tactical');
/*!40000 ALTER TABLE `tag` ENABLE KEYS */;
UNLOCK TABLES;

--
-- Table structure for table `users`
--

DROP TABLE IF EXISTS `users`;
/*!40101 SET @saved_cs_client     = @@character_set_client */;
/*!40101 SET character_set_client = utf8 */;
CREATE TABLE `users` (
  `id` int(11) NOT NULL AUTO_INCREMENT,
  `login` varchar(45) NOT NULL,
  `name` varchar(45) NOT NULL,
  `email` varchar(90) NOT NULL,
  `country` int(11) NOT NULL,
  `password` varchar(45) DEFAULT NULL,
  `access` enum('customer','admin','root') NOT NULL,
  `money` double DEFAULT NULL,
  PRIMARY KEY (`id`),
  UNIQUE KEY `login_UNIQUE` (`login`),
  KEY `country` (`country`),
  CONSTRAINT `users_ibfk_1` FOREIGN KEY (`country`) REFERENCES `country` (`id`)
) ENGINE=InnoDB AUTO_INCREMENT=119 DEFAULT CHARSET=latin1;
/*!40101 SET character_set_client = @saved_cs_client */;

--
-- Dumping data for table `users`
--

LOCK TABLES `users` WRITE;
/*!40000 ALTER TABLE `users` DISABLE KEYS */;
INSERT INTO `users` VALUES (11,'luctus','Josephine Greer','elit.a@mifringillami.org',6,'-1091902504','customer',0),(12,'eleifend','Cally Cote','Donec@euismodestarcu.edu',8,'-12012352','customer',0),(13,'lectus pede,','Ulric Baxter','Suspendisse.sagittis@aliquam.edu',14,'518012766','customer',0),(14,'Curae;','Kiayada Carpenter','magna@velitCraslorem.org',15,'2029697655','customer',0),(15,'ornare, lectus','Harper Lynch','egestas.lacinia@tinciduntDonec.org',17,'1538838725','customer',0),(16,'dictum','Levi Burch','tempor.est.ac@tincidunttempusrisus.net',4,'-1332017970','customer',0),(17,'Donec','Danielle Rodriquez','felis.orci.adipiscing@nec.ca',11,'66215169','customer',0),(18,'eget','Penelope Hensley','sit.amet.orci@sitametconsectetuer.com',13,'3111121','customer',0),(19,'Proin','Nora English','nunc.nulla@sed.ca',17,'77387890','customer',0),(20,'vel,','Silas Vance','lobortis.augue.scelerisque@Proinvelnisl.org',2,'3615791','customer',0),(21,'congue','Edan Quinn','porta.elit.a@Aenean.com',5,'-1354790795','customer',0),(22,'nec','Cherokee Bates','et.magnis@ac.com',9,'108940','customer',0),(23,'conguer','Rigel Mcgee','mauris@ipsumportaelit.co.uk',2,'951158429','customer',0),(24,'tellus lorem','Yoko Greene','Mauris.nulla.Integer@luctusetultrices.co.uk',5,'1353404134','customer',0),(25,'dui lectus','Xyla Sandoval','lorem@Aenean.net',14,'639837936','customer',0),(26,'aliquet vel,','Xantha Pruitt','orci.consectetuer.euismod@sit.edu',17,'2143985278','customer',0),(27,'est.','Abigail Mendez','mi.ac.mattis@euodio.co.uk',4,'3123048','customer',0),(28,'volutpat nunc','Vielka Mccarthy','nunc.est@Vivamus.org',14,'824381387','customer',0),(29,'ipsum.','Amaya Daniel','adipiscing@semmolestie.co.uk',8,'-1181930262','customer',0),(30,'augue. Sed','Lance Melendez','adipiscing.fringilla@mollis.org',18,'-86099299','customer',0),(31,'et','Eden Chandler','et.et@et.com',13,'3247','customer',1122),(32,'id sapien.','Jeanette Ball','luctus@ipsum.org',1,'-2008114055','customer',0),(33,'nibh lacinia','Tasha Barron','eros@sapiencursusin.edu',9,'410907052','customer',0),(34,'fringilla mi','Amal Jackson','elit.Curabitur@tempusrisus.com',2,'-2103976818','customer',0),(35,'tempor','Cedric Spencer','lorem.lorem.luctus@ligula.com',17,'-877351753','customer',0),(36,'amet, faucibus','Kirestin Bennett','tristique.senectus@velitduisemper.co.uk',3,'1693933327','customer',0),(37,'semper','Yasir Garner','tristique.senectus@vellectusCum.com',4,'-905981214','customer',0),(38,'pulvinar arcu','Judah Rich','nibh.dolor.nonummy@Cras.net',5,'-1973324610','customer',0),(39,'pharetra sed,','Moana Velez','adipiscing.lacus@sedestNunc.org',16,'1944549331','customer',0),(40,'ultricies dignissim','Gisela Burton','diam.Sed@tellus.org',2,'-112937495','customer',0),(41,'commodo hendrerit.','Kalia Rivers','montes@tellusSuspendissesed.net',3,'711115081','customer',0),(42,'Duis','Stuart Deleon','taciti.sociosqu.ad@nequeNullamnisl.ca',10,'2141595','customer',0),(43,'massa non','Griffith Maynard','gravida.Praesent@velpede.org',2,'176574490','customer',0),(44,'feugiat metus','Xander Morrison','neque.Sed@semper.net',10,'-924963259','customer',0),(45,'magna. Sed','Kaye Snider','nisi.dictum.augue@semmolestie.edu',5,'1607981754','customer',0),(46,'Proin ultrices.','Clark Scott','amet.faucibus.ut@eleifendCrassed.co.uk',9,'378256771','customer',0),(47,'eu','Cairo Curtis','urna.Ut@idenimCurabitur.net',15,'3248','customer',0),(48,'Praesent','Illiana Clark','ornare@vulputatevelit.net',8,'-1339059618','customer',0),(49,'Aenean','Noelani Noble','cursus@leo.co.uk',16,'1957547624','customer',0),(50,'imperdiet','Forrest Bentley','Nulla@ametluctus.ca',1,'-495286035','customer',0),(51,'et,','Jemima Bullock','Morbi.neque.tellus@estconguea.org',3,'100701','customer',0),(52,'bibendum','Quin Schneider','elit.Curabitur.sed@Etiamvestibulummassa.com',9,'597636248','customer',0),(53,'molestie','Melissa Rowe','tincidunt.orci.quis@sitamet.net',16,'-389776296','customer',0),(54,'nunc,','Isabelle Foreman','Nam.porttitor.scelerisque@eutellus.org',2,'105181680','customer',0),(55,'montes,','Michael Hardy','sapien.Cras@VivamusrhoncusDonec.com',18,'1236632918','customer',0),(56,'enim non','Levi Watson','id.enim@in.co.uk',15,'1879129018','customer',0),(57,'luctus lobortis.','Gemma Newton','amet.ornare@felisorci.net',7,'849004906','customer',0),(58,'convallis','Jemima Barron','lacus.Cras@id.ca',17,'-353610793','customer',0),(59,'feugiat','Mariam Roy','semper@metus.edu',16,'-961136341','customer',0),(60,'dictum222','Eaton Blackburn','adipiscing.non.luctus@feugiat.edu',1,'-944446876','customer',0),(61,'orci','Quemby Bridges','Proin@Fusce.ca',9,'3419529','customer',0),(62,'euismod','Deirdre Fuller','penatibus.et.magnis@Sed.com',11,'-1401294104','customer',0),(63,'sed, hendrerit','Gareth Espinoza','metus.In@euismodestarcu.ca',13,'1440781297','customer',0),(64,'lacus, varius','Perry Rodriguez','libero.at@leoVivamusnibh.ca',15,'-1531354272','customer',0),(65,'iaculis aliquet','Adele Mcleod','lorem.ut@nec.org',8,'-1813580003','customer',0),(66,'lorem, auctor','Lucas Moon','dui.nec@felis.org',1,'-387800077','customer',0),(67,'arcu','Nissim Knox','vestibulum.lorem@mifelis.co.uk',18,'3002467','customer',0),(68,'lacinia','Maris Nichols','ut.mi@id.edu',19,'-62156917','customer',0),(69,'feugiat. Lorem','Aidan Mills','eros.Nam@dignissimtemporarcu.co.uk',2,'-1296625126','customer',0),(70,'ins','James Landry','Nullam@ipsumPhasellus.org',9,'104430','customer',0),(71,'lacus.','Karyn Pace','Nam@Duis.org',12,'-1110372094','customer',0),(72,'lorem.','George Martinez','enim.Curabitur.massa@Integer.co.uk',11,'-1097011497','customer',0),(73,'risus.','Zenaida Soto','Quisque.fringilla@auctorquis.co.uk',9,'-930732364','customer',0),(74,'nulla','Elizabeth Carr','magna.Praesent@ullamcorpereueuismod.org',15,'105180090','customer',0),(75,'dictum)','Elliott Leach','euismod.urna.Nullam@penatibusetmagnis.ca',7,'1657115931','customer',0),(76,'facilisis','Ebony Morgan','ad.litora@tellusloremeu.co.uk',3,'-1645256577','customer',0),(77,'cursus luctus,','Warren Pratt','Aliquam.nisl@ipsumacmi.com',4,'90482245','customer',0),(78,'lorem,','Lesley Mitchell','dictum@ultricies.edu',10,'-1097011499','customer',0),(79,'Aliquam auctor,','Dennis Sellers','tincidunt.nibh@veliteget.net',4,'-442624366','customer',0),(80,'dictum19','Roary Wyatt','sit.amet@afacilisis.net',15,'-1332017970','customer',0),(81,'ante blandit','Jarrod Hendricks','elit.pharetra@orciconsectetuereuismod.com',16,'251240566','customer',0),(82,'mollis','Akeem Singleton','Aliquam.adipiscing@magnis.co.uk',1,'-1068554420','customer',0),(83,'inner','Haviva Bartlett','mauris.sapien.cursus@metusInnec.org',4,'100355670','customer',0),(84,'dui.','Baxter Brooks','tincidunt@sapien.com',16,'3094838','customer',0),(85,'dignissim','Patrick Juarez','Vivamus@aliquam.org',4,'-1872013631','customer',0),(86,'tincidunt nibh.','Eugenia Hutchinson','erat@Integerinmagna.edu',4,'-350856765','customer',0),(87,'non','Raja English','arcu@leo.org',1,'109261','customer',0),(88,'mi','Magee Barnett','consectetuer.rhoncus@euarcu.ca',16,'3484','customer',0),(89,'in','Shad David','Donec.dignissim.magna@dictum.net',4,'3365','customer',0),(90,'mauris','Clayton Cruz','at.velit.Pellentesque@nec.com',1,'-1081209829','customer',0),(91,'faucibus','Buffy Melendez','natoque.penatibus.et@diamProin.net',18,'1010804096','customer',0),(92,'ligula. Donec','Octavius Hartman','metus.vitae@Fusce.co.uk',17,'-103474001','customer',0),(93,'arcus','Micah Reyes','lectus@eratvolutpatNulla.com',11,'93076592','customer',0),(94,'semper. Nam','Quin Wagner','tellus@arcu.com',14,'2069012582','customer',0),(95,'iaculis nec,','Sylvia Rivers','feugiat.placerat@vitae.edu',10,'433261812','customer',0),(96,'consequat dolor','Ahmed Cooper','in@velitjustonec.org',18,'-2030043857','customer',0),(97,'malesuada vel,','Willow Hughes','eu.dui@euismodin.net',9,'-1236894560','customer',0),(98,'tortor.','April Grimes','Aenean.egestas@magnaCrasconvallis.edu',5,'-1137072242','customer',0),(99,'Cras','Wesley Townsend','vel.nisl@ligulaDonec.net',15,'2108673','customer',0),(100,'ante','Minerva Strong','eget@Naminterdum.com',5,'2999134','customer',0),(101,'auctor vitae,','Felix Guerra','vestibulum.neque.sed@iaculis.com',6,'564241311','customer',0),(102,'erat volutpat.','TaShya Leon','aliquam@ipsumsodales.ca',19,'-1081809123','customer',0),(103,'nisi a','Teegan Ashley','quis.turpis.vitae@ipsumdolorsit.org',17,'-1045263022','customer',0),(104,'posuere at,','Amaya Ramos','fringilla.est@montesnasceturridiculus.edu',12,'-880098352','customer',0),(105,'ipsum leo','Angela Massey','montes.nascetur@massa.com',1,'-742852678','customer',0),(106,'at,','Mufutau Soto','vestibulum@lacinia.ca',9,'96857','customer',0),(107,'erat nonummy','Jasmine Whitehead','lorem.semper@massarutrum.co.uk',5,'-1870270447','customer',0),(108,'mattis','Lucy Le','aptent.taciti.sociosqu@vehiculaetrutrum.edu',17,'-1081237698','customer',0),(109,'bibendum sed,','Gail Trevino','purus@malesuadafames.net',6,'152742050','customer',0),(110,'aliquet','Jerome Bennett','luctus@Sedid.edu',5,'-914056079','customer',0),(111,'mykola','Elijah Washington','velit@neceuismod.edu',17,'-1059346043','root',NULL),(112,'bagdan','Declan Carson','Vestibulum@felisDonectempor.edu',13,'-1396561271','root',NULL),(113,'lakustongod','Amity Manning','nisl@quamCurabiturvel.edu',4,'1652667901','admin',NULL),(114,'admin','Shelly Dixon','sed.turpis.nec@mollis.edu',13,'92668751','admin',NULL),(115,'root','Jasper Rocha','enim.consequat@Duisvolutpat.edu',14,'3506402','root',NULL);
/*!40000 ALTER TABLE `users` ENABLE KEYS */;
UNLOCK TABLES;
/*!40103 SET TIME_ZONE=@OLD_TIME_ZONE */;

/*!40101 SET SQL_MODE=@OLD_SQL_MODE */;
/*!40014 SET FOREIGN_KEY_CHECKS=@OLD_FOREIGN_KEY_CHECKS */;
/*!40014 SET UNIQUE_CHECKS=@OLD_UNIQUE_CHECKS */;
/*!40101 SET CHARACTER_SET_CLIENT=@OLD_CHARACTER_SET_CLIENT */;
/*!40101 SET CHARACTER_SET_RESULTS=@OLD_CHARACTER_SET_RESULTS */;
/*!40101 SET COLLATION_CONNECTION=@OLD_COLLATION_CONNECTION */;
/*!40111 SET SQL_NOTES=@OLD_SQL_NOTES */;

-- Dump completed on 2019-01-14 14:38:46
